ID,اسم الطالب,هاتف الطالب,هاتف ولي الأمر,الصف,المجموعة
101,أحمد محمود إبراهيم,01000000001,01100000001,الصف الأول الثانوي,الصف الأول الثانوي - مجموعة السبت
102,سارة علي منصور,01000000002,01100000002,الصف الأول الثانوي,الصف الأول الثانوي - مجموعة السبت
103,عمر خالد الشناوي,01000000003,01100000003,الصف الأول الثانوي,الصف الأول الثانوي - مجموعة السبت
104,مريم حسام الدين,01000000004,01100000004,الصف الأول الثانوي,الصف الأول الثانوي - مجموعة السبت
105,يوسف كريم فتحي,01000000005,01100000005,الصف الأول الثانوي,الصف الأول الثانوي - مجموعة السبت
106,نوران إيهاب القاضي,01000000006,01100000006,الصف الأول الثانوي,الصف الأول الثانوي - مجموعة السبت
107,زياد طارق النجار,01000000007,01100000007,الصف الثاني الثانوي,الصف الثاني الثانوي - مجموعة الأحد
108,هناء عصام عبد الله,01000000008,01100000008,الصف الثاني الثانوي,الصف الثاني الثانوي - مجموعة الأحد
109,مصطفى رأفت هلال,01000000009,01100000009,الصف الثاني الثانوي,الصف الثاني الثانوي - مجموعة الأحد
110,سلمى حازم بدوي,01000000010,01100000010,الصف الثاني الثانوي,الصف الثاني الثانوي - مجموعة الأحد
111,كريم هاني زهران,01000000011,01100000011,الصف الثاني الثانوي,الصف الثاني الثانوي - مجموعة الأحد
112,ريم عادل يونس,01000000012,01100000012,الصف الثاني الثانوي,الصف الثاني الثانوي - مجموعة الأحد
113,عبد الرحمن شريف فهمي,01000000013,01100000013,الصف الثالث الثانوي,الصف الثالث الثانوي - مكثف
114,ندى أحمد زكي,01000000014,01100000014,الصف الثالث الثانوي,الصف الثالث الثانوي - مكثف
115,محمد ياسر الدسوقي,01000000015,01100000015,الصف الثالث الثانوي,الصف الثالث الثانوي - مكثف
116,فريدة وليد الجوهري,01000000016,01100000016,الصف الثالث الثانوي,الصف الثالث الثانوي - مكثف
117,حمزة وائل الغمري,01000000017,01100000017,الصف الثالث الثانوي,الصف الثالث الثانوي - مكثف
118,ملك عمرو رضوان,01000000018,01100000018,الصف الثالث الثانوي,الصف الثالث الثانوي - مكثف
